-- MySQL dump 10.13  Distrib 8.0.21, for osx10.15 (x86_64)
--
-- Host: localhost    Database: employee_a01_2ndmodel
-- ------------------------------------------------------
-- Server version	8.0.21

/*!40101 SET @OLD_CHARACTER_SET_CLIENT=@@CHARACTER_SET_CLIENT */;
/*!40101 SET @OLD_CHARACTER_SET_RESULTS=@@CHARACTER_SET_RESULTS */;
/*!40101 SET @OLD_COLLATION_CONNECTION=@@COLLATION_CONNECTION */;
/*!50503 SET NAMES utf8mb4 */;
/*!40103 SET @OLD_TIME_ZONE=@@TIME_ZONE */;
/*!40103 SET TIME_ZONE='+00:00' */;
/*!40014 SET @OLD_UNIQUE_CHECKS=@@UNIQUE_CHECKS, UNIQUE_CHECKS=0 */;
/*!40014 SET @OLD_FOREIGN_KEY_CHECKS=@@FOREIGN_KEY_CHECKS, FOREIGN_KEY_CHECKS=0 */;
/*!40101 SET @OLD_SQL_MODE=@@SQL_MODE, SQL_MODE='NO_AUTO_VALUE_ON_ZERO' */;
/*!40111 SET @OLD_SQL_NOTES=@@SQL_NOTES, SQL_NOTES=0 */;

--
-- Table structure for table `Department`
--

DROP TABLE IF EXISTS `Department`;
/*!40101 SET @saved_cs_client     = @@character_set_client */;
/*!50503 SET character_set_client = utf8mb4 */;
CREATE TABLE `Department` (
  `code` int NOT NULL AUTO_INCREMENT,
  `name` varchar(255) NOT NULL,
  PRIMARY KEY (`code`)
) ENGINE=InnoDB AUTO_INCREMENT=7 DEFAULT CHARSET=utf8mb4 COLLATE=utf8mb4_0900_ai_ci;
/*!40101 SET character_set_client = @saved_cs_client */;

--
-- Dumping data for table `Department`
--

LOCK TABLES `Department` WRITE;
/*!40000 ALTER TABLE `Department` DISABLE KEYS */;
INSERT INTO `Department` VALUES (1,'Admin Offices'),(2,'Executive Office'),(3,'IT/IS'),(4,'Software Engineering'),(5,'Production       '),(6,'Sales');
/*!40000 ALTER TABLE `Department` ENABLE KEYS */;
UNLOCK TABLES;

--
-- Table structure for table `Employee`
--

DROP TABLE IF EXISTS `Employee`;
/*!40101 SET @saved_cs_client     = @@character_set_client */;
/*!50503 SET character_set_client = utf8mb4 */;
CREATE TABLE `Employee` (
  `id` int NOT NULL AUTO_INCREMENT,
  `name` varchar(255) DEFAULT NULL,
  `is_terminated` tinyint(1) DEFAULT NULL,
  `salary` double DEFAULT NULL,
  `manager_id` int DEFAULT NULL,
  `emp_status_code` int DEFAULT NULL,
  `job_title_id` int DEFAULT NULL,
  PRIMARY KEY (`id`),
  KEY `job_title_id` (`job_title_id`),
  KEY `emp_status_code` (`emp_status_code`),
  CONSTRAINT `employee_ibfk_1` FOREIGN KEY (`job_title_id`) REFERENCES `JobTitle` (`id`),
  CONSTRAINT `employee_ibfk_2` FOREIGN KEY (`emp_status_code`) REFERENCES `EmployeeStatus` (`code`)
) ENGINE=InnoDB AUTO_INCREMENT=1988299992 DEFAULT CHARSET=utf8mb4 COLLATE=utf8mb4_0900_ai_ci;
/*!40101 SET character_set_client = @saved_cs_client */;

--
-- Dumping data for table `Employee`
--

LOCK TABLES `Employee` WRITE;
/*!40000 ALTER TABLE `Employee` DISABLE KEYS */;
INSERT INTO `Employee` VALUES (602000312,'Lindsay, Leonara ',0,27,1101023754,1,14),(706006285,'Dickinson, Geoff ',0,57600,1103024679,1,19),(710007401,'Kinsella, Kathleen  ',1,57600,1110029990,5,19),(710007555,'Rose, Ashley  ',0,57600,1000974650,1,19),(711007713,'Smith, Leigh Ann',1,65280,1102024115,5,2),(803009012,'Ferreira, Violeta',0,57600,1103024679,1,19),(807010161,'Sewkumar, Nori',0,57600,1110029990,3,19),(808010278,'Simard, Kramer',0,77000,1106026933,1,9),(812011761,'Ozark, Travis',0,85000,1499902910,1,3),(903013071,'Kirill, Alexandra  ',1,30,1409070147,5,19),(904013591,'Semizoglou, Jeremiah  ',0,85450,1011022863,2,28),(905013738,'Goble, Taisha',1,46,1106026933,4,8),(906014183,'Shepard, Anita ',0,76000,1011022863,1,15),(909015167,'Mckenna, Sandy',0,57600,1405067298,1,19),(1000974650,'Stanley, David ',0,87967,1001495124,1,18),(1001084890,'Jeremy Prater',0,85000,1402065303,1,3),(1001103149,'Monterro, Luisa',0,61400,1405067298,1,20),(1001109612,'Darson, Jene\'ya ',0,57600,1307060077,1,19),(1001138521,'Lynch, Lindsay',1,57600,1110029990,5,19),(1001167253,'Guilianno, Mike',1,45,1499902910,5,3),(1001175250,'Ruiz, Ricardo',1,87000,1112030816,5,13),(1001268402,'Ybarra, Catherine ',1,57600,1107027351,5,19),(1001417624,'Anderson, Carol ',1,57600,1110029990,5,19),(1001450968,'Cole, Spencer',1,57600,1405067298,4,19),(1001495124,'King, Janet',0,145000,NULL,1,16),(1001504432,'Lunquist, Lisa',0,61400,1307060077,1,20),(1001549006,'Good, Susan',0,61400,1000974650,3,20),(1001644719,'Sweetwater, Alex',0,77000,1112030816,1,25),(1001735072,'Pitt, Brad ',0,57600,1000974650,1,19),(1001856521,'Oliver, Brooke ',1,61400,1110029990,5,20),(1001944783,'Hogland, Jonathan ',1,87967,1001495124,4,18),(1001956578,'Morway, Tanya',0,76000,1011022863,1,15),(1001970770,'Smith, Joe',0,61400,1307060077,1,20),(1002017900,'Heitzman, Anthony',0,57600,1103024679,1,19),(1003018246,'Johnson, Noelle ',0,89000,1106026933,3,8),(1005019209,'Akinkuolie, Sarah',1,61400,1405067298,5,20),(1006020020,'Fidelia,  Libby',0,57600,1107027351,1,19),(1006020066,'Bramante, Elisa',0,98755,1001495124,1,10),(1007020403,'Engdahl, Jean',0,57600,1102024149,1,19),(1008020942,'Jeannite, Tayana',0,61400,1103024679,1,20),(1008020960,'Gilles, Alex',1,57600,1110029990,5,19),(1008021030,'Bondwell, Betsy',1,61400,1307060077,5,20),(1009021646,'Houlihan, Debra',0,98755,1001495124,1,11),(1009919920,'Champaigne, Brian',0,78560,1112030816,1,5),(1009919930,'Le, Binh',0,87900,1009919920,1,22),(1009919940,'Rachael, Maggie',0,60000,1009919920,1,4),(1009919950,'Roper, Katie',0,67000,1009919920,1,7),(1009919960,'Navathe, Kurt',0,87900,1009919920,1,22),(1009919970,'Wang, Charlie',0,87900,1009919920,1,22),(1009919980,'Smith, Jason',0,60000,1009919920,1,4),(1009919990,'Westinghouse, Matthew',0,60000,1009919920,1,4),(1009920000,'Hubert, Robert',0,60000,1009919920,1,4),(1010022030,'Langford, Lindsey',1,61400,1000974650,5,20),(1010022337,'Carr, Claudia  N',0,87000,1106026933,2,27),(1011022777,'Thibaud, Kenneth',1,32,1110029990,5,20),(1011022814,'Volk, Colleen',1,57600,1102024149,4,19),(1011022818,'Walker, Roger',0,61400,1103024679,1,20),(1011022820,'Burke, Joelle',0,32,1409070147,1,20),(1011022863,'Monroe, Peter',0,87000,1112030816,1,13),(1011022883,'Alagbe,Trina',0,57600,1307060077,1,19),(1011022887,'Robinson, Elias',0,57600,1107027351,1,19),(1011022926,'Purinton, Janine',1,57600,1405067298,5,19),(1011022932,'Hendrickson, Trina',1,61400,1102024149,5,20),(1012023010,'Woodson, Jason',0,61400,1405067298,1,20),(1012023013,'Merlos, Carlos',0,76000,1011022863,1,15),(1012023103,'Sloan, Constance',1,61400,1501072311,5,20),(1012023152,'Trang, Mei',0,57600,1000974650,1,19),(1012023185,'Saada, Adell',0,28,1001644719,1,24),(1012023204,'Foreman, Tanya',1,61400,1103024679,5,20),(1012023226,'Cloninger, Jennifer',1,61440,1107027351,5,20),(1012023295,'Cierpiszewski, Caroline  ',0,57600,1103024679,1,19),(1101023353,'Lydon, Allison',0,57600,1307060077,3,19),(1101023394,'Chivukula, Enola',1,30,1409070147,5,19),(1101023457,'Buccheri, Joseph  ',0,61400,1110029990,1,20),(1101023540,'Dolan, Linda',0,55000,1011022863,1,14),(1101023577,'Carabbio, Judith',0,28,1001644719,1,24),(1101023612,'England, Rex',0,57600,1102024149,1,19),(1101023619,'Wallace, Theresa',1,57600,1307060077,5,19),(1101023679,'Barone, Francesco  A',0,57600,1102024149,1,19),(1101023754,'Dougall, Eric',0,87000,1112030816,1,13),(1101023839,'Wilber, Barry',1,57600,1409070147,5,19),(1102023965,'Pearson, Randall',1,77000,1106026933,5,9),(1102024056,'Becker, Renee',1,89000,1106026933,4,8),(1102024057,'True, Edward',1,53760,1001644719,5,24),(1102024106,'Potts, Xana',0,85000,1402065303,1,3),(1102024115,'LeBlanc, Brandon  R',0,75600,1001495124,1,23),(1102024121,'Motlagh,  Dawn',0,57600,1307060077,1,19),(1102024149,'Spirea, Kelley',0,87967,1001495124,1,18),(1102024173,'Cisco, Anthony',0,55000,1011022863,1,14),(1102024274,'Power, Morissa',1,57600,1405067298,5,19),(1103024335,'Owad, Clinton',0,57600,1501072311,1,19),(1103024456,'Brown, Mia',0,75000,1102024115,1,1),(1103024504,'Tinto, Theresa  ',1,57600,1103024679,5,19),(1103024679,'Liebig, Ketsia',0,87967,1001495124,1,18),(1103024843,'Petingill, Shana  ',0,32,1107027351,1,20),(1103024859,'Gross, Paula',1,57600,1102024149,5,19),(1103024924,'Hutter, Rosalie',0,61400,1110029990,2,20),(1104025008,'Khemmich, Bartholemew',0,85000,1402065303,1,3),(1104025179,'Demita, Carla',1,61400,1102024149,5,20),(1104025243,'Estremera, Miguel',1,57600,1501072311,4,19),(1104025414,'Garneau, Hamish',0,57600,1405067298,1,19),(1104025435,'Nowlan, Kristie',0,61400,1307060077,1,20),(1104025466,'Tredinnick, Neville ',1,76000,1011022863,5,15),(1104025486,'Latif, Mohammed',1,61400,1405067298,5,20),(1105025661,'Erilus, Angela',0,61400,1501072311,1,20),(1105025718,'Horton, Jayne',0,89000,1106026933,1,8),(1105025721,'Johnson, George',1,57600,1501072311,5,19),(1105026041,'Gaul, Barbara',0,57600,1102024149,1,19),(1106026433,'Hunts, Julissa',0,61400,1307060077,2,20),(1106026462,'Sahoo, Adil',0,61400,1102024149,1,20),(1106026474,'Von Massenbach, Anna',0,57600,1501072311,2,19),(1106026572,'LaRotonda, William  ',0,75000,1102024115,1,1),(1106026579,'Gordon, David',0,57600,1000974650,1,19),(1106026896,'Stoica, Rick',0,57600,1102024149,1,19),(1106026933,'Roup,Simon',0,87000,1112030816,1,13),(1107027351,'Miller, Brannon',0,87967,1001495124,1,18),(1107027358,'Andreola, Colby',0,28,1001644719,1,24),(1107027392,'Evensen, April',1,57600,1307060077,4,19),(1107027450,'Jung, Judy  ',1,57600,1307060077,5,19),(1107027551,'Trzeciak, Cybil',1,61440,1409070147,5,20),(1107027575,'LeBel, Jonathan  R',1,57600,1102024149,4,19),(1108027853,'Petrowsky, Thelma',0,77000,1106026933,1,9),(1108028108,'Lajiri,  Jyoti',0,85450,1011022863,3,28),(1108028351,'Gosciminski, Phylicia  ',0,61400,1405067298,3,20),(1108028428,'Faller, Megan ',0,61400,1307060077,1,20),(1109029103,'Fitzpatrick, Michael  J',1,32,1409070147,5,20),(1109029186,'Perry, Shakira',1,30,1409070147,5,19),(1109029256,'Medeiros, Jennifer',0,57600,1501072311,1,19),(1109029264,'Kampew, Donysha',1,77000,1009021646,5,21),(1109029366,'Bernstein, Sean',0,30,1409070147,1,19),(1109029531,'Panjwani, Nina',1,57600,1307060077,5,19),(1110029602,'Harrington, Christie ',1,57600,1110029990,5,19),(1110029623,'Manchester, Robyn',0,61400,1110029990,2,20),(1110029732,'Zhou, Julia',0,77000,1106026933,1,9),(1110029777,'Becker, Scott',0,57600,1110029990,3,19),(1110029990,'Butler, Webster  L',0,87967,1001495124,1,18),(1111030129,'Chang, Donovan  E',0,57600,1110029990,1,19),(1111030148,'Salter, Jason',1,77000,1106026933,5,9),(1111030244,'Stanford,Barbara  M',0,57600,1405067298,1,19),(1111030266,'Roehrich, Bianca',1,80000,1106026933,5,29),(1111030503,'Villanueva, Noah',0,85000,1499902910,1,3),(1111030684,'Nguyen, Dheepa',0,85000,1402065303,1,3),(1112030816,'Zamora, Jennifer',0,110000,1001495124,1,6),(1112030979,'Patronick, Luke',1,28,1001644719,5,24),(1192991000,'Foss, Jason',0,98755,1112030816,1,12),(1201031032,'MacLennan, Samuel',1,30,1409070147,5,19),(1201031274,'Davis, Daniel',0,61400,1405067298,1,20),(1201031308,'Foster-Baker, Amy',0,77000,NULL,1,26),(1201031310,'Sullivan, Timothy',0,57600,1501072311,1,19),(1201031324,'Szabo, Andrew',0,53760,1001644719,1,24),(1201031438,'Jackson, Maryellen',0,57600,1000974650,1,19),(1202031618,'Dobrin, Denisa  S',0,57600,1000974650,1,19),(1202031821,'Pelletier, Ermine',1,61440,1409070147,5,20),(1203032099,'Givens, Myriam',0,85000,1402065303,1,3),(1203032235,'Veera, Abdellah ',1,57600,1405067298,5,19),(1203032255,'Rogers, Ivan',0,77000,1106026933,1,9),(1203032263,'Soto, Julia ',0,27,1101023754,1,14),(1203032357,'Nguyen, Lei-Ming',0,57600,1000974650,1,19),(1203032498,'Del Bosque, Keyla',0,28,1001644719,1,24),(1204032843,'Friedman, Gerry',0,45,1499902910,1,3),(1204032927,'Girifalco, Evelyn',0,30,1409070147,1,19),(1204033041,'Ndzi, Colombui',1,57600,1110029990,5,19),(1204033044,'Ndzi, Horia',1,30,1409070147,5,19),(1205033102,'Shields, Seffi',0,57600,1409070147,1,19),(1205033180,'Wolk, Hang  T',0,61400,1000974650,1,20),(1205033439,'Miller, Ned',1,32,1107027351,5,20),(1206038000,'Robinson, Alain  ',1,57600,1409070147,5,19),(1206042315,'Linares, Marilyn ',1,57600,1501072311,5,19),(1206043417,'Quinn, Sean',1,75600,1001495124,5,23),(1206044851,'O\'hare, Lynn',1,57600,1405067298,4,19),(1207046956,'Homberger, Adrienne  J',1,61400,1501072311,5,20),(1208048062,'Chace, Beatrice ',0,57600,1501072311,1,19),(1208048229,'Rarrick, Quinn',1,57600,1501072311,5,19),(1209048696,'DiNocco, Lily ',0,57600,1107027351,1,19),(1209048697,'Close, Phil',1,61400,1000974650,5,20),(1209048771,'Martins, Joseph',0,85000,1402065303,1,3),(1209049259,'Mahoney, Lauren  ',0,57600,1103024679,1,19),(1209049326,'McKinzie, Jac',0,85000,1402065303,2,3),(1211050782,'Howard, Estelle',1,65280,1102024115,1,2),(1211050793,'Rhoads, Thomas',1,57600,1307060077,5,19),(1211051232,'Zima, Colleen',0,57600,1000974650,1,19),(1212051409,'Bachiochi, Linda',0,57600,1107027351,3,19),(1212051962,'Barton, Nader',1,57600,1501072311,5,19),(1212052023,'Bacong, Alejandro ',0,27,1011022863,1,14),(1301052124,'Athwal, Sam',0,57600,1103024679,1,19),(1301052347,'Warfield, Sarah',0,85450,1011022863,1,28),(1301052436,'Moumanil, Maliki ',0,61400,1501072311,1,20),(1301052449,'Burkett, Benjamin ',0,61400,1103024679,1,20),(1301052462,'Keatts, Kramer ',0,57600,1501072311,1,19),(1301052902,'Clayton, Rick',0,55000,1101023754,1,14),(1302053044,'Newman, Richard ',0,57600,1103024679,3,19),(1302053046,'Gill, Whitney  ',1,45,1499902910,4,3),(1302053333,'Steans, Tyrone  ',0,75000,1102024115,1,1),(1302053339,'Fernandes, Nilson  ',0,30,1409070147,1,19),(1302053362,'Sander, Kamrin',0,57600,1307060077,1,19),(1303054329,'Beak, Kimberly  ',0,61400,1102024149,2,20),(1303054580,'Bozzi, Charles',1,87967,1001495124,5,18),(1303054625,'Martin, Sandra',0,28,1001644719,1,24),(1304055683,'Knapp, Bradley  J',0,57600,1103024679,1,19),(1304055947,'Anderson, Linda  ',0,30,1409070147,1,19),(1304055986,'Mancuso, Karen',1,32,1409070147,5,20),(1304055987,'Langton, Enrico',0,57600,1000974650,1,19),(1305056276,'Lundy, Susan',1,61400,1501072311,5,20),(1305057282,'Chan, Lin',0,57600,1307060077,1,19),(1305057440,'Pham, Hong',1,57600,1107027351,5,19),(1306057810,'Johnston, Yen',0,32,1107027351,1,20),(1306057978,'Mullaney, Howard',0,85000,1499902910,1,3),(1306058509,'Huynh, Ming',1,32,1409070147,5,20),(1306058816,'DeGweck,  James',1,57600,1110029990,5,19),(1306059197,'Digitale, Alfred',0,85000,1499902910,1,3),(1307059817,'Singh, Nan ',0,34,1102024115,1,2),(1307059937,'Hankard, Earnest',0,61400,1102024149,1,20),(1307059944,'Peterson, Kayla ',0,57600,1103024679,1,19),(1307060058,'Pelech, Emil',1,57600,1110029990,5,19),(1307060077,'Gray, Elijiah  ',0,87967,1001495124,1,18),(1307060083,'Baczenski, Rachael  ',1,57600,1000974650,5,19),(1307060188,'Boutwell, Bonalyn',0,77000,1102024115,1,26),(1307060199,'Ait Sidi, Karthikeyan   ',1,87000,1106026933,5,27),(1307060212,'Whittier, Scott',1,57600,1110029990,5,19),(1308060366,'Billis, Helen',0,57600,1107027351,1,19),(1308060535,'Sadki, Nore  ',1,57600,1501072311,5,19),(1308060622,'Gerke, Melisa',1,57600,1307060077,5,19),(1308060671,'Williams, Jacquelyn  ',1,57600,1103024679,5,19),(1308060754,'Mangal, Debbie',0,57600,1107027351,1,19),(1308060959,'South, Joe',0,85450,1011022863,1,28),(1309061015,'Garcia, Raul',0,57600,1000974650,1,19),(1311062610,'Kretschmer, John',0,57600,1107027351,1,19),(1311063114,'Carey, Michael  ',0,57600,1102024149,1,19),(1311063172,'Crimmings,   Jean',0,57600,1501072311,2,19),(1312063507,'Barbara, Thomas',1,57600,1405067298,5,19),(1312063675,'Goyal, Roxana',0,57600,1405067298,3,19),(1312063714,'Valentin,Jackie',0,85000,1499902910,1,3),(1401064327,'Maurice, Shana',0,57600,1000974650,1,19),(1401064562,'Punjabhi, Louis  ',0,57600,1102024149,1,19),(1401064637,'Terry, Sharlene ',0,85000,1402065303,1,3),(1401064670,'Exantus, Susan',1,28,1001644719,4,24),(1402065085,'Fancett, Nicole',0,61400,1110029990,1,20),(1402065303,'Daneault, Lynn',0,77000,1009021646,1,21),(1402065340,'Roberson, May',1,61400,1000974650,5,20),(1402065355,'Peterson, Ebonee  ',1,87967,1001495124,5,18),(1403065625,'Robinson, Cherly',1,57600,1103024679,4,19),(1403065721,'Carter, Michelle ',0,85000,1499902910,1,3),(1403065874,'Immediato, Walter',1,87967,1001495124,5,18),(1403066020,'Ngodup, Shari ',0,57600,1107027351,1,19),(1403066069,'Cornett, Lisa ',0,57600,1102024149,1,19),(1403066125,'Blount, Dianna',0,61400,1501072311,1,20),(1403066194,'Beatrice, Courtney ',0,57600,1307060077,1,19),(1404066622,'Harrison, Kara',0,30,1409070147,1,19),(1404066711,'Monkfish, Erasumus',0,61400,1000974650,1,20),(1404066739,'Theamstern, Sophia',1,57600,1409070147,5,19),(1404066949,'Osturnka, Adeel',0,57600,1102024149,1,19),(1405067064,'Handschiegl, Joanne',0,57600,1501072311,1,19),(1405067138,'Squatrito, Kristen',1,57600,1000974650,5,19),(1405067188,'Winthrop, Jordan  ',1,32,1107027351,5,20),(1405067298,'Sullivan, Kissy ',0,87967,1001495124,1,18),(1405067492,'Rossetti, Bruno',1,57600,1405067298,5,19),(1405067501,'Tavares, Desiree  ',1,57600,1110029990,5,19),(1405067565,'Linden, Mathew',0,61400,1102024149,3,20),(1405067642,'Rivera, Haley  ',0,57600,1110029990,1,19),(1406067865,'Eaton, Marianne',1,57600,1405067298,5,19),(1406067957,'McCarthy, Brigit',0,61400,1103024679,1,20),(1406068241,'Harrell, Ludwick',0,57600,1307060077,1,19),(1406068293,'Brill, Donna',1,57600,1000974650,5,19),(1406068345,'Tejeda, Lenora ',1,61400,1307060077,5,20),(1406068403,'Murray, Thomas',0,77000,1106026933,1,9),(1407068885,'Roby, Lori ',0,77000,1106026933,1,9),(1407069061,'Sutwell, Barbara',0,57600,1307060077,1,19),(1407069280,'Clukey, Elijian',0,57600,1107027351,2,19),(1408069409,'Leach, Dallas',1,57600,1405067298,5,19),(1408069481,'Dietrich, Jenna  ',0,85000,1499902910,1,3),(1408069503,'Moran, Patrick',0,61400,1102024149,3,20),(1408069539,'Gold, Shenice  ',0,57600,1103024679,1,19),(1408069635,'Bugali, Josephine ',0,57600,1405067298,3,19),(1408069882,'Ivey, Rose ',0,57600,1107027351,1,19),(1409070147,'Dunn, Amy  ',0,87967,1001495124,1,18),(1409070245,'Meads, Elizabeth',1,57600,1102024149,5,19),(1409070255,'Tippett, Jeanette',0,57600,1107027351,1,19),(1409070522,'Adinolfi, Wilson  K',0,57600,1501072311,1,19),(1409070567,'Costa, Latia',0,85000,1402065303,1,3),(1410070998,'Saar-Beckles, Melinda',0,57600,1102024149,2,19),(1410071026,'Wallace, Courtney  E',1,87967,1001495124,5,18),(1410071137,'Sparks, Taylor  ',0,57600,1107027351,1,19),(1410071156,'Hernandez, Daniff',1,89000,1106026933,4,8),(1411071212,'Gonzalez, Cayo',0,57600,1107027351,1,19),(1411071295,'Strong, Caitrin',0,85000,1499902910,1,3),(1411071302,'Fraval, Maruk ',0,85000,1402065303,1,3),(1411071312,'Daniele, Ann  ',0,85450,1011022863,3,28),(1411071324,'Gonzalez, Juan',1,32,1107027351,5,20),(1411071406,'Peters, Lauren',1,61400,1103024679,5,20),(1411071481,'Gonzales, Ricardo',0,45,1499902910,1,3),(1411071506,'Turpin, Jumil',0,76000,1011022863,1,15),(1412071562,'Favis, Donald  ',1,76450,1106026933,4,30),(1412071660,'Leruth, Giovanni',0,45,1499902910,1,3),(1412071713,'Jhaveri, Sneha  ',0,57600,1102024149,1,19),(1412071844,'Biden, Lowan  M',0,57600,1103024679,1,19),(1499902910,'Smith, John',0,77000,1009021646,1,21),(1499902991,'Robertson, Peter',1,61400,1405067298,5,20),(1501071909,'Smith, Sade',0,57600,1103024679,1,19),(1501072093,'Galia, Lisa',0,55000,1101023754,1,14),(1501072124,'Desimone, Carl ',0,30,1409070147,1,19),(1501072180,'Onque, Jasmine',0,85000,1402065303,1,3),(1501072192,'Gentry, Mildred',0,57600,1501072311,1,19),(1501072311,'Albert, Michael  ',0,87967,1001495124,1,17),(1502072511,'Ferguson, Susan',1,57600,1110029990,5,19),(1502072711,'Riordan, Michael',0,85000,1402065303,1,3),(1503072857,'Jacobi, Hannah  ',0,57600,1405067298,1,19),(1504073313,'Buck, Edward',0,85000,1402065303,1,3),(1504073368,'Bunbury, Jessica',1,85000,1499902910,5,3),(1599991009,'Cockel, James',0,57600,1000974650,1,19),(1988299991,'Gonzalez, Maria',0,55000,1011022863,1,14);
/*!40000 ALTER TABLE `Employee` ENABLE KEYS */;
UNLOCK TABLES;

--
-- Table structure for table `EmployeeStatus`
--

DROP TABLE IF EXISTS `EmployeeStatus`;
/*!40101 SET @saved_cs_client     = @@character_set_client */;
/*!50503 SET character_set_client = utf8mb4 */;
CREATE TABLE `EmployeeStatus` (
  `code` int NOT NULL AUTO_INCREMENT,
  `status` varchar(255) DEFAULT NULL,
  PRIMARY KEY (`code`),
  UNIQUE KEY `status` (`status`)
) ENGINE=InnoDB AUTO_INCREMENT=6 DEFAULT CHARSET=utf8mb4 COLLATE=utf8mb4_0900_ai_ci;
/*!40101 SET character_set_client = @saved_cs_client */;

--
-- Dumping data for table `EmployeeStatus`
--

LOCK TABLES `EmployeeStatus` WRITE;
/*!40000 ALTER TABLE `EmployeeStatus` DISABLE KEYS */;
INSERT INTO `EmployeeStatus` VALUES (1,'Active'),(2,'Future Start'),(3,'Leave of Absence'),(4,'Terminated for Cause'),(5,'Voluntarily Terminated');
/*!40000 ALTER TABLE `EmployeeStatus` ENABLE KEYS */;
UNLOCK TABLES;

--
-- Table structure for table `HourlyPay`
--

DROP TABLE IF EXISTS `HourlyPay`;
/*!40101 SET @saved_cs_client     = @@character_set_client */;
/*!50503 SET character_set_client = utf8mb4 */;
CREATE TABLE `HourlyPay` (
  `id` int NOT NULL AUTO_INCREMENT,
  `emp_id` int NOT NULL,
  PRIMARY KEY (`id`),
  KEY `emp_id` (`emp_id`),
  CONSTRAINT `hourlypay_ibfk_1` FOREIGN KEY (`emp_id`) REFERENCES `Employee` (`id`)
) ENGINE=InnoDB DEFAULT CHARSET=utf8mb4 COLLATE=utf8mb4_0900_ai_ci;
/*!40101 SET character_set_client = @saved_cs_client */;

--
-- Dumping data for table `HourlyPay`
--

LOCK TABLES `HourlyPay` WRITE;
/*!40000 ALTER TABLE `HourlyPay` DISABLE KEYS */;
/*!40000 ALTER TABLE `HourlyPay` ENABLE KEYS */;
UNLOCK TABLES;

--
-- Table structure for table `JobTitle`
--

DROP TABLE IF EXISTS `JobTitle`;
/*!40101 SET @saved_cs_client     = @@character_set_client */;
/*!50503 SET character_set_client = utf8mb4 */;
CREATE TABLE `JobTitle` (
  `id` int NOT NULL AUTO_INCREMENT,
  `title` varchar(255) DEFAULT NULL,
  `department_code` int DEFAULT NULL,
  PRIMARY KEY (`id`),
  KEY `department_code` (`department_code`),
  CONSTRAINT `jobtitle_ibfk_1` FOREIGN KEY (`department_code`) REFERENCES `Department` (`code`)
) ENGINE=InnoDB AUTO_INCREMENT=31 DEFAULT CHARSET=utf8mb4 COLLATE=utf8mb4_0900_ai_ci;
/*!40101 SET character_set_client = @saved_cs_client */;

--
-- Dumping data for table `JobTitle`
--

LOCK TABLES `JobTitle` WRITE;
/*!40000 ALTER TABLE `JobTitle` DISABLE KEYS */;
INSERT INTO `JobTitle` VALUES (1,'Accountant I',1),(2,'Administrative Assistant',1),(3,'Area Sales Manager',6),(4,'BI Developer',3),(5,'BI Director',3),(6,'CIO',3),(7,'Data Architect',3),(8,'Database Administrator',3),(9,'Data Analyst',3),(10,'Director of Operations',5),(11,'Director of Sales',6),(12,'IT Director',3),(13,'IT Manager - Support',3),(14,'IT Support',3),(15,'Network Engineer',3),(16,'President & CEO',2),(17,'Production Manager',5),(18,'Production Manager',5),(19,'Production Technician I',5),(20,'Production Technician II',5),(21,'Sales Manager',6),(22,'Senior BI Developer',3),(23,'Shared Services Manager',1),(24,'Software Engineer',4),(25,'Software Engineering Manager',4),(26,'Sr. Accountant',1),(27,'Sr. DBA',3),(28,'Sr. Network Engineer',3),(29,'Principal Data Architect',3),(30,'Enterprise Architect',3);
/*!40000 ALTER TABLE `JobTitle` ENABLE KEYS */;
UNLOCK TABLES;

--
-- Table structure for table `MarialStatus`
--

DROP TABLE IF EXISTS `MarialStatus`;
/*!40101 SET @saved_cs_client     = @@character_set_client */;
/*!50503 SET character_set_client = utf8mb4 */;
CREATE TABLE `MarialStatus` (
  `code` int NOT NULL,
  `status` varchar(255) DEFAULT NULL,
  PRIMARY KEY (`code`),
  UNIQUE KEY `status` (`status`)
) ENGINE=InnoDB DEFAULT CHARSET=utf8mb4 COLLATE=utf8mb4_0900_ai_ci;
/*!40101 SET character_set_client = @saved_cs_client */;

--
-- Dumping data for table `MarialStatus`
--

LOCK TABLES `MarialStatus` WRITE;
/*!40000 ALTER TABLE `MarialStatus` DISABLE KEYS */;
INSERT INTO `MarialStatus` VALUES (2,'Divorced'),(1,'Married'),(3,'Separated'),(0,'Single'),(4,'Widowed');
/*!40000 ALTER TABLE `MarialStatus` ENABLE KEYS */;
UNLOCK TABLES;

--
-- Table structure for table `PersonalInfo`
--

DROP TABLE IF EXISTS `PersonalInfo`;
/*!40101 SET @saved_cs_client     = @@character_set_client */;
/*!50503 SET character_set_client = utf8mb4 */;
CREATE TABLE `PersonalInfo` (
  `emp_id` int NOT NULL,
  `sex` varchar(100) DEFAULT NULL,
  `DOB` varchar(50) DEFAULT NULL,
  `zip_code` int DEFAULT NULL,
  `marrial_status_code` int DEFAULT NULL,
  PRIMARY KEY (`emp_id`),
  KEY `marrial_status_code` (`marrial_status_code`),
  CONSTRAINT `personalinfo_ibfk_1` FOREIGN KEY (`emp_id`) REFERENCES `Employee` (`id`),
  CONSTRAINT `personalinfo_ibfk_2` FOREIGN KEY (`marrial_status_code`) REFERENCES `MarialStatus` (`code`)
) ENGINE=InnoDB DEFAULT CHARSET=utf8mb4 COLLATE=utf8mb4_0900_ai_ci;
/*!40101 SET character_set_client = @saved_cs_client */;

--
-- Dumping data for table `PersonalInfo`
--

LOCK TABLES `PersonalInfo` WRITE;
/*!40000 ALTER TABLE `PersonalInfo` DISABLE KEYS */;
INSERT INTO `PersonalInfo` VALUES (602000312,'F','10/5/88',6070,0),(706006285,'M ','11/15/82',2180,0),(710007401,'F','12/8/73',2170,1),(710007555,'F','12/5/74',1886,3),(711007713,'F','6/14/87',1844,1),(803009012,'F','6/10/86',2176,0),(807010161,'F','3/10/75',2191,0),(808010278,'M ','2/8/70',2110,1),(812011761,'M ','5/19/82',27229,0),(903013071,'F','10/8/70',2127,1),(904013591,'M ','2/9/83',1545,1),(905013738,'F','10/23/71',2127,0),(906014183,'F','4/14/81',1773,1),(909015167,'F','1/7/87',2184,1),(1000974650,'M ','12/17/75',1803,2),(1001084890,'M ','5/9/74',89139,1),(1001103149,'F','4/24/70',2126,0),(1001109612,'F','11/5/78',2110,1),(1001138521,'F','2/14/73',1844,0),(1001167253,'M ','2/9/69',37129,0),(1001175250,'M ','1/4/64',1915,2),(1001268402,'F','5/4/82',2458,0),(1001417624,'F','9/8/89',2169,2),(1001450968,'M ','8/12/79',1880,0),(1001495124,'F','9/21/54',1902,1),(1001504432,'F','3/28/82',2324,0),(1001549006,'F','5/25/86',1886,1),(1001644719,'M ','11/22/66',2184,0),(1001735072,'M ','11/23/81',2451,0),(1001856521,'F','2/11/52',2492,1),(1001944783,'M ','7/1/72',1890,1),(1001956578,'F','4/4/79',2048,1),(1001970770,'M ','10/30/63',2045,0),(1002017900,'M ','1/4/84',2149,0),(1003018246,'F','11/7/86',2301,1),(1005019209,'F','9/19/88',1810,1),(1006020020,'F','3/16/81',2155,1),(1006020066,'F','3/19/83',2030,0),(1007020403,'M ','5/31/74',2026,0),(1008020942,'F','11/6/86',1821,2),(1008020960,'M ','8/9/74',2062,1),(1008021030,'F','1/16/67',2210,0),(1009021646,'F','3/17/66',2908,1),(1009919920,'M ','2/9/72',2045,1),(1009919930,'F','6/14/87',1886,0),(1009919940,'F','5/12/80',2110,1),(1009919950,'F','11/21/72',2056,0),(1009919960,'M ','4/25/70',2056,0),(1009919970,'M ','7/8/81',1887,0),(1009919980,'M ','9/4/83',2045,0),(1009919990,'M ','10/24/87',2134,1),(1009920000,'M ','6/30/89',2134,1),(1010022030,'F','7/25/79',2090,2),(1010022337,'F','6/6/86',1886,0),(1011022777,'M ','9/16/75',2472,4),(1011022814,'F','6/3/86',2747,1),(1011022818,'M ','2/10/76',2459,0),(1011022820,'F','3/2/80',2148,0),(1011022863,'M ','10/5/86',2134,1),(1011022883,'F','9/27/88',1886,1),(1011022887,'M ','1/28/85',1730,4),(1011022926,'F','9/22/70',2474,2),(1011022932,'F','8/27/72',2021,0),(1012023010,'M ','5/11/85',1810,0),(1012023013,'M ','6/18/87',2138,0),(1012023103,'F','11/25/87',1851,0),(1012023152,'F','5/16/83',2021,0),(1012023185,'F','7/24/86',2132,1),(1012023204,'F','11/8/83',2170,1),(1012023226,'F','8/31/81',1752,1),(1012023295,'F','5/31/88',2044,0),(1101023353,'F','10/22/75',2122,1),(1101023394,'F','8/27/83',1775,0),(1101023457,'M ','7/28/83',1013,0),(1101023540,'F','7/18/88',2119,1),(1101023577,'F','4/5/87',2132,0),(1101023612,'M ','8/25/78',2045,1),(1101023619,'F','8/2/80',1887,0),(1101023679,'M ','7/20/83',1810,0),(1101023754,'M ','7/9/70',1886,0),(1101023839,'M ','9/9/65',2324,1),(1102023965,'M ','9/5/84',2747,1),(1102024056,'F','4/4/86',2026,0),(1102024057,'M ','6/14/83',2451,0),(1102024106,'F','8/29/88',40220,1),(1102024115,'M ','6/10/84',1460,1),(1102024121,'F','7/7/84',2453,2),(1102024149,'F','9/30/75',2451,1),(1102024173,'M ','11/24/89',2135,1),(1102024274,'F','10/15/84',1742,2),(1103024335,'M ','11/24/79',1760,0),(1103024456,'F','11/24/87',1450,1),(1103024504,'F','7/30/83',1876,2),(1103024679,'F','10/26/81',2110,1),(1103024843,'F','3/10/79',2050,1),(1103024859,'F','5/21/83',2176,2),(1103024924,'F','5/7/92',2351,3),(1104025008,'M ','11/27/79',80820,0),(1104025179,'F','2/25/51',2343,3),(1104025243,'M ','9/2/83',2129,0),(1104025414,'M ','4/18/80',1550,0),(1104025435,'F','11/23/85',1040,0),(1104025466,'M ','5/5/88',1420,1),(1104025486,'M ','5/9/84',2126,1),(1105025661,'F','8/25/89',2133,3),(1105025718,'F','2/21/84',2493,0),(1105025721,'M ','8/19/59',2445,1),(1105026041,'F','12/2/83',2121,0),(1106026433,'F','3/11/84',2021,0),(1106026462,'M ','4/26/86',2062,1),(1106026474,'F','4/6/85',2124,0),(1106026572,'M ','4/26/84',1460,2),(1106026579,'M ','5/21/79',2169,1),(1106026896,'M ','3/14/85',2301,1),(1106026933,'M ','4/5/73',2481,0),(1107027351,'M ','8/10/81',2045,0),(1107027358,'F','5/24/79',2110,0),(1107027392,'F','5/6/89',2458,0),(1107027450,'F','4/17/86',2446,1),(1107027551,'F','3/15/85',1778,0),(1107027575,'M ','10/18/81',2050,0),(1108027853,'F','9/16/84',1886,1),(1108028108,'M ','4/23/86',2169,1),(1108028351,'F','12/8/83',1824,3),(1108028428,'F','9/22/78',1824,1),(1109029103,'M ','10/1/81',2143,0),(1109029186,'F','7/20/86',2176,0),(1109029256,'F','9/22/76',2346,0),(1109029264,'F','11/11/89',19444,0),(1109029366,'M ','12/22/70',2072,0),(1109029531,'F','5/1/79',2351,1),(1110029602,'F','8/18/52',2324,0),(1110029623,'F','8/25/76',2324,1),(1110029732,'F','2/24/79',2148,0),(1110029777,'M ','4/6/79',2452,0),(1110029990,'M ','8/9/83',2169,0),(1111030129,'M ','8/24/83',1845,0),(1111030148,'M ','12/17/87',2452,2),(1111030244,'F','8/25/82',2050,2),(1111030266,'F','5/27/73',2703,0),(1111030503,'M ','7/11/89',4063,0),(1111030684,'F','3/31/89',30428,0),(1112030816,'F','8/30/79',2067,0),(1112030979,'M ','2/20/79',1844,0),(1192991000,'M ','7/5/80',1460,0),(1201031032,'M ','11/9/72',1938,4),(1201031274,'M ','9/14/79',2458,0),(1201031308,'F','4/16/79',2050,1),(1201031310,'M ','10/7/82',2747,1),(1201031324,'M ','5/6/83',2140,0),(1201031438,'F','9/11/72',2081,0),(1202031618,'F','10/7/86',2125,0),(1202031821,'F','7/18/89',2472,1),(1203032099,'F','9/22/89',46204,0),(1203032235,'M ','1/31/87',2171,2),(1203032255,'M ','8/26/86',1810,1),(1203032263,'F','3/12/73',2360,1),(1203032357,'F','7/7/84',2132,0),(1203032498,'F','7/5/79',2176,0),(1204032843,'M ','2/24/69',10171,0),(1204032927,'F','5/8/80',2451,0),(1204033041,'M ','5/2/89',2110,0),(1204033044,'M ','3/28/83',2421,1),(1205033102,'F','8/24/85',2149,1),(1205033180,'F','4/20/85',2302,0),(1205033439,'M ','6/29/85',2472,0),(1206038000,'M ','1/7/74',1420,1),(1206042315,'F','3/26/81',1886,1),(1206043417,'M ','11/6/84',2045,1),(1206044851,'F','9/30/80',2152,0),(1207046956,'F','2/16/84',2445,1),(1208048062,'F','1/2/51',2763,0),(1208048229,'M ','12/31/84',2478,2),(1209048696,'F','12/2/78',2351,1),(1209048697,'M ','11/25/78',2169,1),(1209048771,'M ','6/11/70',78207,0),(1209049259,'F','7/7/86',2189,0),(1209049326,'M ','7/1/84',78789,1),(1211050782,'F','9/16/85',2170,1),(1211050793,'M ','7/22/82',2176,2),(1211051232,'F','8/17/78',1730,4),(1212051409,'F','2/11/70',1902,0),(1212051962,'M ','7/15/77',2747,2),(1212052023,'M ','1/7/88',1886,2),(1301052124,'M ','2/18/83',2199,4),(1301052347,'F','5/2/78',2453,4),(1301052436,'M ','12/1/74',1460,3),(1301052449,'M ','8/19/77',1890,1),(1301052462,'M ','1/19/76',1887,0),(1301052902,'M ','9/5/85',2170,0),(1302053044,'M ','4/8/77',2136,1),(1302053046,'F','7/10/71',43050,4),(1302053333,'M ','9/1/86',2703,0),(1302053339,'M ','10/18/89',2132,1),(1302053362,'F','7/10/88',2154,1),(1303054329,'F','4/17/66',2145,1),(1303054580,'M ','3/10/70',1901,0),(1303054625,'F','11/7/87',2135,0),(1304055683,'M ','11/10/77',1721,0),(1304055947,'F','5/22/77',1844,0),(1304055986,'F','12/10/86',2176,1),(1304055987,'M ','12/9/86',2048,1),(1305056276,'F','12/26/76',2122,4),(1305057282,'F','2/12/79',2170,0),(1305057440,'M ','3/6/88',2451,1),(1306057810,'F','9/8/69',2128,0),(1306057978,'M ','11/2/75',36006,0),(1306058509,'F','9/22/76',1742,2),(1306058816,'M ','10/31/77',1810,1),(1306059197,'M ','9/14/88',3062,1),(1307059817,'F','5/19/88',2330,0),(1307059937,'M ','8/10/88',2155,0),(1307059944,'F','9/23/73',1749,1),(1307060058,'M ','3/17/88',2458,0),(1307060077,'M ','7/11/81',1752,2),(1307060083,'F','1/12/74',1902,1),(1307060188,'F','4/4/87',2468,1),(1307060199,'M ','5/5/75',2148,1),(1307060212,'M ','5/24/87',2030,0),(1308060366,'F','9/1/89',2031,1),(1308060535,'M ','12/21/74',2148,0),(1308060622,'F','5/15/70',2330,2),(1308060671,'F','10/2/69',2109,0),(1308060754,'F','11/7/74',2451,1),(1308060959,'M ','9/9/65',6278,0),(1309061015,'M ','9/15/85',1905,0),(1311062610,'M ','2/2/80',1801,1),(1311063114,'M ','2/2/83',1701,0),(1311063172,'F','4/10/87',1821,0),(1312063507,'M ','2/21/74',2062,1),(1312063675,'F','10/9/74',1864,1),(1312063714,'F','5/23/91',85006,1),(1401064327,'F','11/22/77',2330,1),(1401064562,'M ','6/19/61',2109,0),(1401064637,'F','5/7/65',97756,0),(1401064670,'F','5/15/87',1749,1),(1402065085,'F','9/27/87',2324,0),(1402065303,'F','4/19/90',5473,0),(1402065340,'F','9/5/81',1902,2),(1402065355,'F','5/9/77',2030,1),(1403065625,'F','1/7/85',1460,1),(1403065721,'F','5/15/63',5664,0),(1403065874,'M ','11/15/76',2128,1),(1403066020,'F','6/3/67',1810,3),(1403066069,'F','3/31/77',2189,1),(1403066125,'F','9/21/90',2171,0),(1403066194,'F','10/27/70',1915,0),(1404066622,'F','5/2/74',1886,1),(1404066711,'M ','8/17/92',1450,1),(1404066739,'F','5/9/65',2066,0),(1404066949,'M ','12/11/76',2478,1),(1405067064,'F','3/23/77',2127,1),(1405067138,'F','3/26/73',2359,2),(1405067188,'M ','11/7/58',2045,0),(1405067298,'F','3/28/78',1776,1),(1405067492,'M ','3/18/87',2155,0),(1405067501,'F','4/3/75',1801,1),(1405067565,'M ','3/19/79',1770,1),(1405067642,'F','1/12/73',2171,1),(1406067865,'F','9/5/91',2343,1),(1406067957,'F','5/21/87',2149,0),(1406068241,'M ','9/2/82',1776,1),(1406068293,'F','8/24/90',1701,1),(1406068345,'F','5/24/53',2129,1),(1406068403,'M ','7/4/88',78230,2),(1407068885,'F','10/11/81',1886,1),(1407069061,'F','8/15/68',2718,0),(1407069280,'M ','8/26/80',2134,1),(1408069409,'F','1/17/79',1810,0),(1408069481,'F','5/14/87',98052,0),(1408069503,'M ','12/3/76',2127,0),(1408069539,'F','6/18/92',2451,0),(1408069635,'F','10/30/69',2043,3),(1408069882,'F','1/28/91',1775,0),(1409070147,'F','11/28/73',1731,0),(1409070245,'F','5/30/68',1760,0),(1409070255,'F','6/5/67',2093,2),(1409070522,'M ','7/10/83',1960,0),(1409070567,'F','11/8/88',90007,0),(1410070998,'F','6/6/68',1801,0),(1410071026,'F','11/14/55',2478,1),(1410071137,'F','7/20/68',2093,1),(1410071156,'M ','8/7/86',1960,1),(1411071212,'M ','9/29/69',2108,2),(1411071295,'F','5/12/89',59102,1),(1411071302,'M ','8/28/63',6050,0),(1411071312,'F','1/18/52',6033,1),(1411071324,'M ','10/12/64',2128,1),(1411071406,'F','8/17/86',1886,1),(1411071481,'M ','10/12/54',83706,1),(1411071506,'M ','3/31/69',2343,1),(1412071562,'M ','7/30/64',6033,0),(1412071660,'M ','12/27/88',84111,3),(1412071713,'F','4/13/64',2109,3),(1412071844,'F','12/27/58',2027,2),(1499902910,'M ','8/16/84',1886,2),(1499902991,'M ','7/3/72',2138,1),(1501071909,'F','2/2/65',2130,0),(1501072093,'F','7/6/68',6040,0),(1501072124,'M ','4/19/67',2061,1),(1501072180,'F','5/11/90',33174,0),(1501072192,'F','10/1/90',2145,1),(1501072311,'M ','10/10/68',2169,2),(1502072511,'F','4/14/55',2176,1),(1502072711,'M ','1/15/68',58782,3),(1503072857,'F','3/22/66',1778,2),(1504073313,'M ','7/7/75',2330,1),(1504073368,'F','6/1/64',21851,1),(1599991009,'M ','9/8/77',2452,0),(1988299991,'F','4/16/81',2472,3);
/*!40000 ALTER TABLE `PersonalInfo` ENABLE KEYS */;
UNLOCK TABLES;

--
-- Table structure for table `SalaryPay`
--

DROP TABLE IF EXISTS `SalaryPay`;
/*!40101 SET @saved_cs_client     = @@character_set_client */;
/*!50503 SET character_set_client = utf8mb4 */;
CREATE TABLE `SalaryPay` (
  `id` int NOT NULL AUTO_INCREMENT,
  `emp_id` int NOT NULL,
  PRIMARY KEY (`id`),
  KEY `emp_id` (`emp_id`),
  CONSTRAINT `salarypay_ibfk_1` FOREIGN KEY (`emp_id`) REFERENCES `Employee` (`id`)
) ENGINE=InnoDB DEFAULT CHARSET=utf8mb4 COLLATE=utf8mb4_0900_ai_ci;
/*!40101 SET character_set_client = @saved_cs_client */;

--
-- Dumping data for table `SalaryPay`
--

LOCK TABLES `SalaryPay` WRITE;
/*!40000 ALTER TABLE `SalaryPay` DISABLE KEYS */;
/*!40000 ALTER TABLE `SalaryPay` ENABLE KEYS */;
UNLOCK TABLES;

--
-- Table structure for table `TermReason`
--

DROP TABLE IF EXISTS `TermReason`;
/*!40101 SET @saved_cs_client     = @@character_set_client */;
/*!50503 SET character_set_client = utf8mb4 */;
CREATE TABLE `TermReason` (
  `id` int NOT NULL AUTO_INCREMENT,
  `reason` varchar(255) DEFAULT NULL,
  `emp_id` int NOT NULL,
  PRIMARY KEY (`id`),
  KEY `emp_id` (`emp_id`),
  CONSTRAINT `termreason_ibfk_1` FOREIGN KEY (`emp_id`) REFERENCES `Employee` (`id`)
) ENGINE=InnoDB AUTO_INCREMENT=104 DEFAULT CHARSET=utf8mb4 COLLATE=utf8mb4_0900_ai_ci;
/*!40101 SET character_set_client = @saved_cs_client */;

--
-- Dumping data for table `TermReason`
--

LOCK TABLES `TermReason` WRITE;
/*!40000 ALTER TABLE `TermReason` DISABLE KEYS */;
INSERT INTO `TermReason` VALUES (1,'Another position',1211050782),(2,'career change',711007713),(3,'Another position',1504073368),(4,'attendance',1302053046),(5,'relocation out of area',1001167253),(6,'performance',1102024056),(7,'no-call, no-show',905013738),(8,'no-call, no-show',1410071156),(9,'performance',1102023965),(10,'hours',1111030148),(11,'hours',1001175250),(12,'medical issues',1104025466),(13,'retiring',1303054580),(14,'attendance',1001944783),(15,'unhappy',1403065874),(16,'Another position',1402065355),(17,'Another position',1410071026),(18,'relocation out of area',1101023394),(19,'more money',903013071),(20,'hours',1201031032),(21,'more money',1204033044),(22,'medical issues',1109029186),(23,'attendance',1206038000),(24,'return to school',1404066739),(25,'unhappy',1101023839),(26,'more money',1305057440),(27,'Another position',1001268402),(28,'Another position',1307060083),(29,'Another position',1406068293),(30,'unhappy',1405067138),(31,'no-call, no-show',1107027392),(32,'hours',1308060622),(33,'unhappy',1107027450),(34,'Another position',1109029531),(35,'retiring',1211050793),(36,'career change',1101023619),(37,'more money',1103024859),(38,'attendance',1107027575),(39,'Another position',1409070245),(40,'gross misconduct',1011022814),(41,'attendance',1403065625),(42,'Another position',1103024504),(43,'relocation out of area',1308060671),(44,'unhappy',1312063507),(45,'performance',1001450968),(46,'military',1406067865),(47,'return to school',1408069409),(48,'performance',1206044851),(49,'Another position',1102024274),(50,'unhappy',1011022926),(51,'Another position',1405067492),(52,'maternity leave - did not return',1203032235),(53,'Another position',1212051962),(54,'attendance',1104025243),(55,'more money',1105025721),(56,'unhappy',1206042315),(57,'more money',1208048229),(58,'relocation out of area',1308060535),(59,'return to school',1001417624),(60,'unhappy',1306058816),(61,'military',1502072511),(62,'military',1008020960),(63,'retiring',1110029602),(64,'more money',710007401),(65,'Another position',1001138521),(66,'return to school',1204033041),(67,'career change',1307060058),(68,'Another position',1405067501),(69,'hours',1307060212),(70,'hours',1109029103),(71,'unhappy',1306058509),(72,'Another position',1304055986),(73,'unhappy',1202031821),(74,'unhappy',1107027551),(75,'unhappy',1012023226),(76,'career change',1411071324),(77,'unhappy',1205033439),(78,'retiring',1405067188),(79,'career change',1209048697),(80,'Another position',1010022030),(81,'return to school',1402065340),(82,'career change',1008021030),(83,'Another position',1406068345),(84,'more money',1104025179),(85,'hours',1011022932),(86,'career change',1012023204),(87,'more money',1411071406),(88,'hours',1005019209),(89,'more money',1104025486),(90,'Another position',1499902991),(91,'relocation out of area',1207046956),(92,'more money',1305056276),(93,'maternity leave - did not return',1012023103),(94,'unhappy',1001856521),(95,'military',1011022777),(96,'maternity leave - did not return',1109029264),(97,'career change',1206043417),(98,'attendance',1401064670),(99,'Another position',1112030979),(100,'medical issues',1102024057),(101,'career change',1307060199),(102,'hours',1412071562),(103,'Another position',1111030266);
/*!40000 ALTER TABLE `TermReason` ENABLE KEYS */;
UNLOCK TABLES;
/*!40103 SET TIME_ZONE=@OLD_TIME_ZONE */;

/*!40101 SET SQL_MODE=@OLD_SQL_MODE */;
/*!40014 SET FOREIGN_KEY_CHECKS=@OLD_FOREIGN_KEY_CHECKS */;
/*!40014 SET UNIQUE_CHECKS=@OLD_UNIQUE_CHECKS */;
/*!40101 SET CHARACTER_SET_CLIENT=@OLD_CHARACTER_SET_CLIENT */;
/*!40101 SET CHARACTER_SET_RESULTS=@OLD_CHARACTER_SET_RESULTS */;
/*!40101 SET COLLATION_CONNECTION=@OLD_COLLATION_CONNECTION */;
/*!40111 SET SQL_NOTES=@OLD_SQL_NOTES */;

-- Dump completed on 2020-09-09 21:00:12
